﻿<?xml version="1.0" encoding="utf-8"?>
<TypeDefinition>
  <Components>
    <Component type="Bin" id="Div" classname="Div" module="XComCmp" version="1000"/>
    <Component type="Bin" id="Button" classname="Button" module="XComCmp" version="1000"/>
    <Component type="Bin" id="PopupDiv" classname="PopupDiv" module="XComCmp" version="1000"/>
    <Component type="Bin" id="Combo" classname="Combo" module="XComCmp" version="1000"/>
    <Component type="Bin" id="CheckBox" classname="CheckBox" module="XComCmp" version="1000"/>
    <Component type="Bin" id="ListBox" classname="ListBox" module="XComCmp" version="1000"/>
    <Component type="Bin" id="Edit" classname="Edit" module="XComCmp" version="1000"/>
    <Component type="Bin" id="MaskEdit" classname="MaskEdit" module="XComCmp" version="1000"/>
    <Component type="Bin" id="TextArea" classname="TextArea" module="XComCmp" version="1000"/>
    <Component type="Bin" id="Menu" classname="Menu" module="XComCmp" version="1000"/>
    <Component type="Bin" id="Tab" classname="Tab" module="XComCmp" version="1000"/>
    <Component type="Bin" id="ImageViewer" classname="ImageViewer" module="XComCmp" version="1000"/>
    <Component type="Bin" id="Radio" classname="Radio" module="XComCmp" version="1000"/>
    <Component type="Bin" id="Shape" classname="Shape" module="XComCmp" version="1000"/>
    <Component type="Bin" id="Calendar" classname="Calendar" module="XComCmp" version="1000"/>
    <Component type="Bin" id="Static" classname="Static" module="XComCmp" version="1000"/>
    <Component type="Bin" id="Grid" classname="Grid" module="XGridCmp" version="1000"/>
    <Component type="Bin" id="Spin" classname="Spin" module="XComCmp" version="1000"/>
    <Component type="Bin" id="PopupMenu" classname="PopupMenu" module="XComCmp" version="1000"/>
    <Component type="Bin" id="Splitter" classname="Splitter" module="XComCmp" version="1000"/>
    <Component type="Bin" id="GroupBox" classname="GroupBox" module="XComCmp" version="1000"/>
    <Component type="Bin" id="ProgressBar" classname="ProgressBar" module="XComCmp" version="1000"/>
    <Component type="Bin" id="ActiveX" classname="ActiveX" module="XAxCmp" version="1000"/>
    <Component type="Bin" id="PropertyAnimation" classname="PropertyAnimation" module="XPlatformLib" version="1000"/>
    <Component type="Bin" id="TransitionAnimation" classname="TransitionAnimation" module="XPlatformLib" version="1000"/>
    <Component type="Bin" id="MoveAnimation" classname="MoveAnimation" module="XPlatformLib" version="1000"/>
    <Component type="Bin" id="CompositeAnimation" classname="CompositeAnimation" module="XPlatformLib" version="1000"/>
    <Component type="Bin" id="Dataset" classname="Dataset" module="XPlatformLib" version="1000"/>
    <Component type="Bin" id="FilteredDataset" classname="FilteredDataset" module="XClassLib" version="1000"/>
    <Component type="Bin" id="FileDialog" classname="FileDialog" module="XComCmp" version="1000"/>
    <Component type="Bin" id="GraphicPath" classname="GraphicPath" module="XComCmp" version="1000"/>
    <Component type="Bin" id="VirtualFile" classname="VirtualFile" module="XComCmp" version="1000"/>
    <Component type="Composite" id="comCal" classname="comCal" module="Base::comCal.xfdl" version="1000"/>
  </Components>
  <Services>
    <Service prefixid="Base" type="form" url="./Base/" communicationversion="0" version="0"/>
    <Service prefixid="slip" type="form" url="./slip/" communicationversion="0" version="0"/>
    <Service prefixid="info" type="form" url="./info/" communicationversion="0" version="0"/>
    <Service prefixid="book" type="form" url="./book/" communicationversion="0" version="0"/>
    <Service prefixid="statement" type="form" url="./statement/" communicationversion="0" version="0"/>
    <Service prefixid="emp" type="form" url="./emp/" communicationversion="0" version="0"/>
    <Service prefixid="Frame" type="form" url="./Frame" communicationversion="0" version="0"/>
    <Service prefixid="ServerDomain" type="form" url="http://localhost/Account/" communicationversion="0" version="0"/>
    <Service prefixid="svcBase" type="form" url="http://localhost/Account/base/" communicationversion="0" version="0"/>
    <Service prefixid="svcInfo" type="form" url="http://localhost/Account/account/base/" communicationversion="0" version="0"/>
    <Service prefixid="svcSlip" type="form" url="http://localhost/Account/account/slip/" communicationversion="0" version="0"/>
    <Service prefixid="svcStatement" type="form" url="http://localhost/Account/account/statement/" communicationversion="0" version="0"/>
    <Service prefixid="svcBook" type="form" url="http://localhost/Account/account/book/" communicationversion="0" version="0"/>
    <Service prefixid="svcJournal" type="form" url="http://localhost/Account/account/journal/" communicationversion="0" version="0"/>
    <Service prefixid="svcHr" type="form" url="http://localhost/Account/hr/" communicationversion="0" version="0"/>
    <Service prefixid="image" type="form" url="http://localhost" communicationversion="0" version="0"/>
    <Service prefixid="Budget" type="form" url="./Budget/" version="0" communicationversion="0"/>
    <Service prefixid="svcBudget" type="form" url="http://localhost/Account/account/budget/" version="0" communicationversion="0"/>
    <Service prefixid="svcAuth" type="form" url="http://localhost/Account/authority" version="0" communicationversion="0"/>
  </Services>
  <Update/>
</TypeDefinition>
