﻿<?xml version="1.0" encoding="utf-8"?>
<GlobalVariables>
  <Dataset id="gds_menu">
    <ColumnInfo>
      <Column id="menu_id" type="STRING" size="256"/>
      <Column id="menu_nm" type="STRING" size="256"/>
      <Column id="menu_lv" type="STRING" size="256"/>
      <Column id="menu_st" type="STRING" size="256"/>
      <Column id="menu_url" type="STRING" size="256"/>
    </ColumnInfo>
    <Rows>
      <Row>
        <Col id="menu_id">1</Col>
        <Col id="menu_lv">0</Col>
        <Col id="menu_st">1</Col>
        <Col id="menu_nm">기초정보관리</Col>
      </Row>
      <Row>
        <Col id="menu_id">3</Col>
        <Col id="menu_lv">1</Col>
        <Col id="menu_st">1</Col>
        <Col id="menu_nm">계정과목관리</Col>
        <Col id="menu_url">info::accountForm.xfdl</Col>
      </Row>
      <Row>
        <Col id="menu_id">4</Col>
        <Col id="menu_lv">1</Col>
        <Col id="menu_st">1</Col>
        <Col id="menu_nm">코드관리</Col>
        <Col id="menu_url">Base::codeForm.xfdl</Col>
      </Row>
      <Row>
        <Col id="menu_id">5</Col>
        <Col id="menu_nm">전표입력</Col>
        <Col id="menu_lv">0</Col>
        <Col id="menu_st">1</Col>
      </Row>
      <Row>
        <Col id="menu_id">6</Col>
        <Col id="menu_nm">일반전표</Col>
        <Col id="menu_lv">1</Col>
        <Col id="menu_st">1</Col>
        <Col id="menu_url">slip::slipForm.xfdl</Col>
      </Row>
      <Row>
        <Col id="menu_id">7</Col>
        <Col id="menu_nm">전표승인</Col>
        <Col id="menu_lv">1</Col>
        <Col id="menu_st">1</Col>
        <Col id="menu_url">slip::slipApprovalForm.xfdl</Col>
      </Row>
      <Row>
        <Col id="menu_id">8</Col>
        <Col id="menu_nm">장부관리</Col>
        <Col id="menu_lv">0</Col>
        <Col id="menu_st">1</Col>
      </Row>
      <Row>
        <Col id="menu_id">10</Col>
        <Col id="menu_nm">분개장</Col>
        <Col id="menu_lv">1</Col>
        <Col id="menu_st">1</Col>
        <Col id="menu_url">book::journalForm.xfdl</Col>
      </Row>
      <Row>
        <Col id="menu_id">25</Col>
        <Col id="menu_nm">계정별 원장</Col>
        <Col id="menu_lv">1</Col>
        <Col id="menu_st">1</Col>
        <Col id="menu_url">book::accountLedger.xfdl</Col>
      </Row>
      <Row>
        <Col id="menu_id">12</Col>
        <Col id="menu_nm">결산/재무제표</Col>
        <Col id="menu_lv">0</Col>
        <Col id="menu_st">1</Col>
      </Row>
      <Row>
        <Col id="menu_id">13</Col>
        <Col id="menu_nm">합계잔액시산표</Col>
        <Col id="menu_lv">1</Col>
        <Col id="menu_st">1</Col>
        <Col id="menu_url">statement::totalTrialbalanceForm.xfdl</Col>
      </Row>
      <Row>
        <Col id="menu_id">14</Col>
        <Col id="menu_nm">재무상태표</Col>
        <Col id="menu_lv">1</Col>
        <Col id="menu_st">1</Col>
        <Col id="menu_url">statement::statementOfFPForm.xfdl</Col>
      </Row>
      <Row>
        <Col id="menu_id">15</Col>
        <Col id="menu_nm">손익계산서</Col>
        <Col id="menu_lv">1</Col>
        <Col id="menu_st">1</Col>
        <Col id="menu_url">statement::incomeSForm.xfdl</Col>
      </Row>
      <Row>
        <Col id="menu_id">16</Col>
        <Col id="menu_nm">예산관리</Col>
        <Col id="menu_lv">0</Col>
        <Col id="menu_st">1</Col>
      </Row>
      <Row>
        <Col id="menu_id">17</Col>
        <Col id="menu_nm">예산신청</Col>
        <Col id="menu_lv">1</Col>
        <Col id="menu_st">1</Col>
        <Col id="menu_url">Budget::budgetForm.xfdl</Col>
      </Row>
      <Row>
        <Col id="menu_id">18</Col>
        <Col id="menu_nm">예산편성</Col>
        <Col id="menu_lv">1</Col>
        <Col id="menu_st">1</Col>
        <Col id="menu_url">Budget::budgetOrgForm.xfdl</Col>
      </Row>
      <Row>
        <Col id="menu_id">20</Col>
        <Col id="menu_nm">기본설정</Col>
        <Col id="menu_lv">0</Col>
        <Col id="menu_st">1</Col>
      </Row>
      <Row>
        <Col id="menu_id">22</Col>
        <Col id="menu_nm">사원관리</Col>
        <Col id="menu_lv">1</Col>
        <Col id="menu_st">1</Col>
        <Col id="menu_url">emp::empRegistForm.xfdl</Col>
      </Row>
      <Row>
        <Col id="menu_id">24</Col>
        <Col id="menu_nm">권한관리</Col>
        <Col id="menu_lv">0</Col>
        <Col id="menu_st">1</Col>
        <Col id="menu_url"/>
      </Row>
      <Row>
        <Col id="menu_nm">권한설정</Col>
        <Col id="menu_id">26</Col>
        <Col id="menu_lv">1</Col>
        <Col id="menu_st">1</Col>
        <Col id="menu_url">emp::authorityForm.xfdl</Col>
      </Row>
      <Row>
        <Col id="menu_nm">메뉴설정</Col>
        <Col id="menu_id">27</Col>
        <Col id="menu_lv">1</Col>
        <Col id="menu_st">1</Col>
        <Col id="menu_url">emp::menuForm.xfdl</Col>
      </Row>
    </Rows>
  </Dataset>
  <Dataset id="gds_emp">
    <ColumnInfo>
      <Column id="ZIP_CODE" type="STRING" size="256" sumtext="우편번호"/>
      <Column id="AUTHORITY_LEVEL" type="STRING" size="256"/>
      <Column id="WORKPLACE_CODE" type="STRING" size="256" sumtext="사업장코드"/>
      <Column id="USER_PW" type="STRING" size="256" sumtext="비밀번호"/>
      <Column id="USER_OR_NOT" type="STRING" size="256" sumtext="사용자여부"/>
      <Column id="SOCIAL_SECURITY_NUMBER" type="STRING" size="256" sumtext="주민등록번호"/>
      <Column id="POSITION_NAME" type="STRING" size="256" sumtext="직급"/>
      <Column id="POSITION_CODE" type="STRING" size="256" sumtext="직급코드"/>
      <Column id="PHONE_NUMBER" type="STRING" size="256" sumtext="전화번호"/>
      <Column id="LEVEL_OF_EDUCATION" type="STRING" size="256" sumtext="최종학력"/>
      <Column id="IMAGE" type="STRING" size="256"/>
      <Column id="GENDER" type="STRING" size="256" sumtext="성별"/>
      <Column id="EMP_NAME" type="STRING" size="256" sumtext="사원명"/>
      <Column id="EMP_CODE" type="STRING" size="256" sumtext="사원코드"/>
      <Column id="EMAIL" type="STRING" size="256" sumtext="이메일"/>
      <Column id="DETAIL_ADDRESS" type="STRING" size="256" sumtext="상세주소"/>
      <Column id="DEPT_NAME" type="STRING" size="256" sumtext="부서명"/>
      <Column id="DEPT_CODE" type="STRING" size="256" sumtext="부서코드"/>
      <Column id="COMPANY_CODE" type="STRING" size="256" sumtext="회사코드"/>
      <Column id="BIRTH_DATE" type="STRING" size="256" sumtext="생년월일"/>
      <Column id="BASIC_ADDRESS" type="STRING" size="256" sumtext="기본주소"/>
    </ColumnInfo>
  </Dataset>
  <Dataset id="gds_period">
    <ColumnInfo>
      <Column id="WORKPLACE_CODE" type="STRING" size="256" sumtext="사업장코드"/>
      <Column id="PERIOD_START_DATE" type="STRING" size="256" sumtext="회계기수시작일"/>
      <Column id="PERIOD_END_DATE" type="STRING" size="256" sumtext="회계기수마감일"/>
      <Column id="ACCOUNT_PERIOD_NO" type="STRING" size="256" sumtext="회계기수일련번호"/>
    </ColumnInfo>
  </Dataset>
  <Dataset id="gds_detailCode">
    <ColumnInfo>
      <Column id="DIVISION_CODE_NO" type="STRING" size="256" sumtext="구분코드번호"/>
      <Column id="DETAIL_CODE_NAME" type="STRING" size="256" sumtext="상세코드명"/>
      <Column id="DETAIL_CODE" type="STRING" size="256" sumtext="상세코드"/>
      <Column id="DESCRIPTION" type="STRING" size="256" sumtext="설명"/>
      <Column id="CODE_USE_CHECK" type="STRING" size="256" sumtext="코드사용여부"/>
    </ColumnInfo>
  </Dataset>
  <Dataset id="gds_journalDetail">
    <ColumnInfo>
      <Column id="JOURNAL_DETAIL_NO" type="INT" size="256"/>
      <Column id="ACCOUNT_CONTROL_NAME" type="STRING" size="256"/>
      <Column id="ACCOUNT_CONTROL_TYPE" type="STRING" size="256"/>
      <Column id="JOURNAL_DESCRIPTION" type="STRING" size="256"/>
      <Column id="ACCOUNT_CONTROL_DESCRIPTION" type="STRING" size="256"/>
      <Column id="DETAIL_CODE_NAMES" type="STRING" size="256"/>
      <Column id="JOURNAL_NO" type="STRING" size="256"/>
    </ColumnInfo>
  </Dataset>
  <Dataset id="gds_journal">
    <ColumnInfo>
      <Column id="STATUS" type="STRING" size="256"/>
      <Column id="SLIP_NO" type="STRING" size="256" sumtext="전표일련번호"/>
      <Column id="RIGHT_CREDITS_PRICE" type="STRING" size="256" sumtext="대변금액"/>
      <Column id="LEFT_DEBTOR_PRICE" type="STRING" size="256" sumtext="차변금액"/>
      <Column id="JOURNAL_NO" type="STRING" size="256" sumtext="분개일련번호"/>
      <Column id="CUSTOMER_NAME" type="STRING" size="256" sumtext="거래처코드"/>
      <Column id="CUSTOMER_CODE" type="STRING" size="256" sumtext="거래처코드"/>
      <Column id="BALANCE_DIVISION" type="STRING" size="256" sumtext="대차구분"/>
      <Column id="APPROVAL_DATE" type="STRING" size="256"/>
      <Column id="ACCOUNT_NAME" type="STRING" size="256" sumtext="계정과목"/>
      <Column id="ACCOUNT_INNER_CODE" type="STRING" size="256" sumtext="계정내부코드"/>
    </ColumnInfo>
  </Dataset>
  <Dataset id="gds_slip">
    <ColumnInfo>
      <Column id="SLIP_TYPE" type="STRING" size="256" sumtext="전표유형"/>
      <Column id="SLIP_STATUS" type="STRING" size="256" sumtext="전표상태"/>
      <Column id="SLIP_NO" type="STRING" size="256" sumtext="전표일련번호"/>
      <Column id="SLIP_DESCRIPTION" type="STRING" size="256" sumtext="설명"/>
      <Column id="REPORTING_EMP_CODE" type="STRING" size="256" sumtext="작성자사원코드"/>
      <Column id="REPORTING_DATE" type="STRING" size="256" sumtext="작성일자"/>
      <Column id="EXPENSE_REPORT" type="STRING" size="256" sumtext="품의내역"/>
      <Column id="DEPT_CODE" type="STRING" size="256" sumtext="결의부서코드"/>
      <Column id="AUTHORIZATION_STATUS" type="STRING" size="256" sumtext="결재상태"/>
      <Column id="APPROVAL_EMP_CODE" type="STRING" size="256" sumtext="승인자사원코드"/>
      <Column id="APPROVAL_DATE" type="STRING" size="256" sumtext="승인일자"/>
      <Column id="ACCOUNT_PERIOD_NO" type="STRING" size="256" sumtext="회계기수일련번호"/>
    </ColumnInfo>
  </Dataset>
  <Dataset id="gds_login">
    <ColumnInfo>
      <Column id="ZIP_CODE" type="STRING" size="256" sumtext="우편번호"/>
      <Column id="WORKPLACE_NAME" type="STRING" size="256" sumtext="사업장이름"/>
      <Column id="WORKPLACE_CODE" type="STRING" size="256" sumtext="사업장코드"/>
      <Column id="USER_PW" type="STRING" size="256" sumtext="비밀번호"/>
      <Column id="USER_OR_NOT" type="STRING" size="256" sumtext="사용자여부"/>
      <Column id="SOCIAL_SECURITY_NUMBER" type="STRING" size="256" sumtext="주민등록번호"/>
      <Column id="POSITION_NAME" type="STRING" size="256" sumtext="직급"/>
      <Column id="POSITION_CODE" type="STRING" size="256" sumtext="직급코드"/>
      <Column id="PHONE_NUMBER" type="STRING" size="256" sumtext="전화번호"/>
      <Column id="LEVEL_OF_EDUCATION" type="STRING" size="256" sumtext="최종학력"/>
      <Column id="IMAGE" type="STRING" size="256"/>
      <Column id="GENDER" type="STRING" size="256" sumtext="성별"/>
      <Column id="EMP_NAME" type="STRING" size="256" sumtext="사원명"/>
      <Column id="EMP_CODE" type="STRING" size="256" sumtext="사원코드"/>
      <Column id="EMAIL" type="STRING" size="256" sumtext="이메일"/>
      <Column id="DETAIL_ADDRESS" type="STRING" size="256" sumtext="상세주소"/>
      <Column id="DEPT_NAME" type="STRING" size="256" sumtext="부서명"/>
      <Column id="DEPT_CODE" type="STRING" size="256" sumtext="부서코드"/>
      <Column id="COMPANY_CODE" type="STRING" size="256" sumtext="회사코드"/>
      <Column id="BIRTH_DATE" type="STRING" size="256" sumtext="생년월일"/>
      <Column id="BASIC_ADDRESS" type="STRING" size="256" sumtext="기본주소"/>
    </ColumnInfo>
  </Dataset>
  <Dataset id="gds_account">
    <ColumnInfo>
      <Column id="TARGET" type="STRING" size="256"/>
      <Column id="PARENT_ACCOUNT_INNER_CODE" type="STRING" size="256"/>
      <Column id="GROUP_CODE" type="STRING" size="256"/>
      <Column id="EDITABLE" type="STRING" size="256"/>
      <Column id="ACCOUNT_USE_CHECK" type="STRING" size="256"/>
      <Column id="ACCOUNT_NAME" type="STRING" size="256"/>
      <Column id="ACCOUNT_INNER_CODE" type="STRING" size="256"/>
      <Column id="ACCOUNT_DIVISION" type="STRING" size="256"/>
      <Column id="ACCOUNT_DISPLAY_NAME_WITH_CODE" type="STRING" size="256"/>
      <Column id="ACCOUNT_DISPLAY_NAME" type="STRING" size="256"/>
      <Column id="ACCOUNT_DESCRIPTION" type="STRING" size="256"/>
      <Column id="ACCOUNT_CODE" type="STRING" size="256"/>
      <Column id="ACCOUNT_CHARACTER" type="STRING" size="256"/>
      <Column id="BUDGET" type="STRING" size="256"/>
    </ColumnInfo>
  </Dataset>
  <Dataset id="gds_customer">
    <ColumnInfo>
      <Column id="WORKPLACE_CODE" type="STRING" size="256"/>
      <Column id="SOCIAL_SECURITY_NUMBER" type="STRING" size="256"/>
      <Column id="FINANCIAL_INSTITUTE_NAME" type="STRING" size="256"/>
      <Column id="FINANCIAL_INSTITUTE_CODE" type="STRING" size="256"/>
      <Column id="CUSTOMER_ZIP_CODE" type="STRING" size="256"/>
      <Column id="CUSTOMER_TYPE" type="STRING" size="256"/>
      <Column id="CUSTOMER_TEL_NUMBER" type="STRING" size="256"/>
      <Column id="CUSTOMER_NOTE" type="STRING" size="256"/>
      <Column id="CUSTOMER_NAME" type="STRING" size="256"/>
      <Column id="CUSTOMER_FAX_NUMBER" type="STRING" size="256"/>
      <Column id="CUSTOMER_DETAIL_ADDRESS" type="STRING" size="256"/>
      <Column id="CUSTOMER_CODE" type="STRING" size="256"/>
      <Column id="CUSTOMER_CEO" type="STRING" size="256"/>
      <Column id="CUSTOMER_BUSINESS_ITEMS" type="STRING" size="256"/>
      <Column id="CUSTOMER_BUSINESS_CONDITIONS" type="STRING" size="256"/>
      <Column id="CUSTOMER_BASIC_ADDRESS" type="STRING" size="256"/>
      <Column id="CARD_TYPE" type="STRING" size="256"/>
      <Column id="CARD_OPEN_PLACE" type="STRING" size="256"/>
      <Column id="CARD_NUMBER" type="STRING" size="256"/>
      <Column id="CARD_MEMBER_NAME" type="STRING" size="256"/>
      <Column id="BUSINESS_LICENSE_NUMBER" type="STRING" size="256"/>
      <Column id="ACCOUNT_NUMBER" type="STRING" size="256"/>
    </ColumnInfo>
  </Dataset>
  <Dataset id="gds_codeDetail">
    <ColumnInfo>
      <Column id="DIVISION_CODE_NO" type="STRING" size="256" sumtext="구분코드번호"/>
      <Column id="DETAIL_CODE_NAME" type="STRING" size="256" sumtext="상세코드명"/>
      <Column id="DETAIL_CODE" type="STRING" size="256" sumtext="상세코드"/>
      <Column id="DESCRIPTION" type="STRING" size="256" sumtext="설명"/>
      <Column id="CODE_USE_CHECK" type="STRING" size="256" sumtext="코드사용여부"/>
      <Column id="STATUS" type="STRING" size="256" sumtext="상태"/>
    </ColumnInfo>
  </Dataset>
  <Dataset id="gds_code">
    <ColumnInfo>
      <Column id="DIVISION_CODE_NO" type="STRING" size="256" sumtext="구분코드번호"/>
      <Column id="DIVISION_CODE_NAME" type="STRING" size="256" sumtext="코드명"/>
      <Column id="DESCRIPTION" type="STRING" size="256" sumtext="설명"/>
      <Column id="CODE_TYPE" type="STRING" size="256" sumtext="코드타입"/>
      <Column id="CODE_CHANGE_AVAILABLE" type="STRING" size="256" sumtext="변경가능여부"/>
    </ColumnInfo>
  </Dataset>
  <Dataset id="gds_earlyStatements">
    <ColumnInfo>
      <Column id="ACCOUNT_NAME" type="STRING" size="256"/>
      <Column id="ACCOUNT_PERIOD_NO" type="STRING" size="256"/>
      <Column id="ACCOUNT_INNER_CODE" type="STRING" size="256"/>
      <Column id="LEFT_DEBTOR_PRICE" type="INT" size="256"/>
      <Column id="RIGHT_CREDITS_PRICE" type="INT" size="256"/>
      <Column id="DEBITS_SUM" type="INT" size="256"/>
      <Column id="CREDITS_SUM" type="INT" size="256"/>
    </ColumnInfo>
  </Dataset>
  <Dataset id="gds_api">
    <ColumnInfo>
      <Column id="PLACE_NM" type="STRING" size="100"/>
      <Column id="PAY_AT" type="STRING" size="20"/>
      <Column id="TITLE" type="STRING" size="100"/>
      <Column id="OP_ST_DT" type="STRING" size="20"/>
      <Column id="OP_ED_DT" type="STRING" size="20"/>
      <Column id="OP_AT" type="STRING" size="20"/>
    </ColumnInfo>
  </Dataset>
  <Dataset id="gds_account_code">
    <ColumnInfo>
      <Column id="ACCOUNT_INNER_CODE" type="STRING" size="256"/>
      <Column id="ACCOUNT_NAME" type="STRING" size="256"/>
    </ColumnInfo>
  </Dataset>
  <Dataset id="gds_loginAuthority">
    <ColumnInfo>
      <Column id="MENU_CODE" type="STRING" size="256"/>
      <Column id="MENU_NAME" type="STRING" size="256"/>
      <Column id="AUTHORITY_CODE" type="STRING" size="256"/>
      <Column id="AUTHORITY_NAME" type="STRING" size="256"/>
    </ColumnInfo>
  </Dataset>
  <Dataset id="gds_control_detail" firefirstcount="0" firenextcount="0" useclientlayout="false" updatecontrol="true" enableevent="true" loadkeymode="keep" loadfiltermode="keep" reversesubsum="false">
    <ColumnInfo>
      <Column id="ACCOUNT_CONTROL_CODE" type="STRING" size="256"/>
      <Column id="ACCOUNT_CONTROL_NAME" type="STRING" size="256"/>
      <Column id="ACCOUNT_CONTROL_TYPE" type="STRING" size="256"/>
      <Column id="DESCRIPTION" type="STRING" size="256"/>
    </ColumnInfo>
  </Dataset>
  <Dataset id="gds_control_detail2" firefirstcount="0" firenextcount="0" useclientlayout="false" updatecontrol="true" enableevent="true" loadkeymode="keep" loadfiltermode="keep" reversesubsum="false">
    <ColumnInfo>
      <Column id="ACCOUNT_CONTROL_CODE" type="STRING" size="256"/>
      <Column id="ACCOUNT_CONTROL_NAME" type="STRING" size="256"/>
      <Column id="ACCOUNT_CONTROL_TYPE" type="STRING" size="256"/>
      <Column id="DESCRIPTION" type="STRING" size="256"/>
      <Column id="COUNT" type="STRING" size="256"/>
      <Column id="JOURNAL_NO" type="STRING" size="256"/>
    </ColumnInfo>
  </Dataset>
  <Dataset id="gds_account_control">
    <ColumnInfo>
      <Column id="ACCOUNT_CONTROL_CODE" type="STRING" size="256"/>
      <Column id="ACCOUNT_CONTROL_NAME" type="STRING" size="256"/>
      <Column id="ACCOUNT_CONTROL_TYPE" type="STRING" size="256"/>
      <Column id="DESCRIPTION" type="STRING" size="256"/>
    </ColumnInfo>
  </Dataset>
  <Variable id="gv_accountControlName"/>
  <Variable id="gv_currentPeriod"/>
</GlobalVariables>
