<?xml version="1.0" encoding="utf-8"?>
<license version="1.0">
	<product>
		<name>XPLATFORM</name>
		<version>9</version>
		<function>Runtime,&#32;Widget,&#32;AJAX</function>
	</product>
	<customer>
		<name>(주)투비소프트</name>
		<developerCount>0</developerCount>
		<rootDomain>0.0.0.0</rootDomain>
		<targetPlatform>Windows,CE,Linux</targetPlatform>
	</customer>
	<date>
		<activation>2022-01-01</activation>
		<term unit="month">2</term>
	</date>
	<key>7PHBEE6GESWEJJ7JUV5F5Y1N1YJAEVPBJ</key>
</license>